{
	"2.0.0": {
		"title": "Total Rewrite!",
		"body": "Finally updating disconnect to modern standards... It's about time but its done!",
		"changes": [
			"Rewrote everything, concepts were the only things transferred over!",
			"Noticeable Performance Increase / Better Optimization",
			"No more undefined elements in the bot!",
			"More of a universal look. Less randomness. But still as quirky as ever before! 🤪",
			"Disconnect has a website now! ...Did you know that?",
			"Blah Blah Blah a lot of cool changes... It's all new!"
		],
		"date": "January 8th, 2021"
	},
	"2.0.1": {
		"title": "Version 2.0 Patches",
		"body": "Bug patches and changed commands notably not running. Now including help commands.",
		"changes": [
			"Added help command, command list, and command information as they were forgotten in the last update. :(",
			"Commands are now running properly and wont randomly not respond."
		],
		"date": "January 9th, 2021"
	},
	"2.0.2": {
		"title": "Patched Help Command + More!",
		"body": "I have seen many bots deleting the help message. Now switched to embeds to look nicer and well... respond.",
		"changes": [
			"Help message are now done in embeds along with command list and command information",
			"Changed file resources around to different places to work better and not have such long file reach",
			"Updated the disconnect invite not working and showing as undefined... Sorry",
			"Added colors to the emojis command",
			"Bot info links fixed"
		],
		"date": "February 5th, 2021"
	},
	"2.1.0": {
		"title": "Notify Me",
		"body": "Disconnect notifications from YouTube uploads! And a few other things...",
		"changes": [
			"YouTube Notifications are now a thing... There are a few more platforms in testing but are taking too long.",
			"Welcoming and Farewell can now be done using Disconnect.",
			"Disconnect will not try running commands before checking permissions to speak",
			"Disconnect will also not bug out using certain commands like it has been doing",
			"Cooldowns have been enabled for some commands. Please stop spamming the bot so much and this may go away!!!",
			"and much more..."
		]
	},
	"2.1.1": {
		"title": "Notify Me - Patches",
		"changes": [
			"Forgot to update the command list.",
			"Removed <> when bot joins a guild",
			"Cleaned up new events",
			"Fixed the broken emoji",
			"Made sure bot can speak before running command"
		]
	},
	"2.1.2": {
		"title": "Code Review + Twitter Notifier",
		"changes": [
			"Did my annual self code review",
			"Cleaned up many files and updated EMCA script and added rating",
			"Added Twitter notifications",
			"Fixed guild info channels not working properly",
			"Added YouTube Channel and Twitter Account Lookup command in Social Category"
		]
	},
	"2.2.0": {
		"title": "Music!",
		"changes": ["Added Music functionality to Disconnect."]
	},
	"2.2.1": {
		"title": "Music Patches",
		"changes": [
			"Fixed 2 major bugs crashing the bot.",
			"Fixed Twitter notifications not working until bot restart."
		]
	},
	"2.2.2": {
		"title": "Music Patches",
		"changes": ["Fixed issue where music was not playing."]
	},
	"2.2.3": {
		"title": "Misc Patches",
		"changes": [
			"Fixed Rock Paper Scissors command.",
			"Fixed undefined success emoji.",
			"Fixed some youtube links not working and erroring out.",
			"Fixed twitter spamming issue, backend side.",
			"Twitter command no longer errors out and numbers are now localized with commas"
		]
	}
}
